CREATE TABLE syllabus (
    fltID VARCHAR(8),
    fltNxt VARCHAR(8),
    fltNxtTwo VARCHAR(5),
    fltRqOne VARCHAR(8),
    fltRqTwo VARCHAR(5),
    fltRqThree VARCHAR(5),
    acReq VARCHAR(1),
    mxConfig VARCHAR(24),
    formationXships NUMERIC(2, 1),
    night VARCHAR(1);
);
INSERT INTO syllabus VALUES
    ('TR-1','TR-2','-','-','-','-','Y','cold gun',1.0,'n'),
    ('TR-2','TR-3','-','TR-1','-','-','-','cold gun',1.0,'n'),
    ('TR-3','TR-4','-','TR-2','-','-','-','cold gun',2.0,'n'),
    ('TR-4','TR-5','-','TR-3','-','-','-','cold gun',2.0,'n'),
    ('TR-5','TR-6 (P)','-','TR-4','-','-','-','cold gun',2.0,'n'),
    ('TR-6 (P)','AHC','-','TR-5','-','-','Y','cold gun',2.0,'n'),
    ('AHC','BFM-1','-','TR-6 (P)','-','-','Y','cold gun, 8xBDL50',2.0,'n'),
    ('BFM-1','BFM-2','-','AHC','-','-','Y','cold gun, missile config',2.0,'n'),
    ('BFM-2','BFM-3','-','BFM-1','-','-','-','cold gun, missile config',2.0,'n'),
    ('BFM-3','BFM-4','-','BFM-2','-','-','-','cold gun, missile config',2.0,'n'),
    ('BFM-4','BFM-5','-','BFM-3','-','-','-','cold gun, missile config',2.0,'n'),
    ('BFM-5','BFM-6','-','BFM-4','-','-','-','cold gun, missile config',2.0,'n'),
    ('BFM-6','BFM-7','-','BFM-5','-','-','-','cold gun, missile config',2.0,'n'),
    ('BFM-7','BFM-8','-','BFM-6','-','-','Y','cold gun, missile config',2.0,'n'),
    ('BFM-8','ACM-1','-','BFM-7','-','-','-','cold gun, missile config',2.0,'n'),
    ('ACM-1','SA-1','-','BFM-8','-','-','Y','8xBDL50, 2xAMRAM',1.0,'n'),
    ('SA-1','SA-2','-','ACM-1','-','-','Y','hot gun, 2xAMRAM',4.0,'n'),
    ('SA-2','LASDT-1','-','SA-1','-','-','Y','hot gun, 2xAMRAM',4.0,'n'),
    ('LASDT-1','LASDT-2','-','SA-2','-','-','Y','hot gun, 8xBDL50',4.0,'n'),
    ('LASDT-2','SA-3','-','LASDT-1','-','-','-','hot gun, 8xBDL50',4.0,'n'),
    ('SA-3','SA-4','-','LASDT-2','-','-','Y','hot gun, 2xAMRAM',2.0,'n'),
    ('SA-4','ACM-2','-','SA-3','-','-','-','hot gun, 2xAMRAM',2.0,'n'),
    ('ACM-2','ACM-3','-','SA-4','-','-','Y','8xBDL50, 2xAMRAM',4.0,'n'),
    ('ACM-3','TI-1','-','ACM-2','-','-','-','8xBDL50, 2xAMRAM',4.0,'n'),
    ('TI-1','TI-2','-','ACM-3','-','-','Y','cold gun',1.0,'n'),
    ('TI-2','TI-3','-','TI-1','-','-','Y','cold gun',1.0,'n'),
    ('TI-3','LASDT-3','NTR-1','TI-2','-','-','Y','cold gun',2.0,'n'),
    ('LASDT-3','SA-5','-','TI-3','-','-','Y','hot gun, 8xBDL50',4.0,'n'),
    ('SA-5','SA-6','-','LASDT-3','-','-','-','hot gun, 2xAMRAM',2.0,'n'),
    ('SA-6','SA-7','-','SA-5','-','-','-','hot gun, 2xAMRAM',2.0,'n'),
    ('SA-7','SA-8','-','SA-6','-','-','-','hot gun, 2xAMRAM',2.0,'n'),
    ('SA-8','SA-9','-','SA-7','-','-','Y','hot gun, 2xAMRAM',2.0,'n'),
    ('SA-9','SA-10','-','SA-8','-','-',NULL,'hot gun, 2xAMRAM',2.0,'n'),
    ('SA-10','SAT-1','-','SA-9','-','-','Y','hot gun, 2xAMRAM',2.0,'n'),
    ('NTR-1','NTR-2','-','TI-3','-','-','Y','8xBDL50, 4xAMRAM',1.0,'n'),
    ('NTR-2','NTI','-','NTR-1','-','-','-','8xBDL50, 4xAMRAM',1.0,'n'),
    ('NTI','SAN-1','SAN-3','NTR-2','-','-','Y','cold gun',2.0,'n'),
    ('SAN-1','SAN-2','-','NTI','-','-','Y','8xBDL50, 4xAMRAM',2.0,'n'),
    ('SAN-2','SAT-1','-','SAN-1','-','-','Y','8xBDL50, 4xAMRAM',4.0,'n'),
    ('SAN-3','SAN-4','-','NTI','-','-','Y','8xBDL50, 4xAMRAM',2.0,'n'),
    ('SAN-4','SAT-1','-','SAN-3','-','-','Y','8xBDL50, 4xAMRAM',2.0,'n'),
    ('SAT-1','SAT-2','-','SA-10','SAN-2','SAN-4','-','hot gun, 4xBDL50',1.0,'n'),
    ('SAT-2','-','-','SAT-1','-','-','-','hot gun, 4xBDL50',1.0,'n'),
    ('DAAR','NAAR','-','TR-4','-','-','Y','cold gun',1.0,'n'),
    ('NAAR','-','-','DAAR','-','-','Y','cold gun',1.0,'n');


    ///////////////////////////

CREATE TABLE pilots (
    pilotID NUMERIC(4),
    lName VARCHAR(30),
    fName VARCHAR(8),
    callSign VARCHAR(12),
    rank VARCHAR(5),
    ip VARCHAR(1),
    fcpRcp VARCHAR(1),
    syllabusOne VARCHAR(1),
    syllabusTwo VARCHAR(1),
    syllabusThree VARCHAR(1)
);
INSERT INTO pilots VALUES
    (1,'Lipkin','Sean','POTUS','Cpt','Y','F','b','i',NULL),
    (2,'Johnson','Dillon','Shoe','LtCol','Y','R','b','i','s'),
    (3,'McGillick','Giles','Ski','2Lt','N','F','b',NULL,NULL),
    (4,'Coffin-Shiavon','Donald','Headphones','2Lt','N','R','b',NULL,NULL),
    (6,'Miller','Joe','Window','1Lt','y','f','b',NULL,NULL),
    (7,'Gutierrez','Luis','Misty','1LT','n','r','i',NULL,NULL),
    (8,'Patel','Keeshan','Monty','Cpt','y','f','b','i',NULL),
    (9,'Balasubramanian','Partha','Reaper','Maj','y','r','b','i','s'),
    (10,'Kostenbader','Karl','Tracker','Cpt','n','f','b',NULL,NULL),
    (11,'Ollis','Seth','Chopper','Gen','N','r','s',NULL,NULL),
    (12,'Emerson','Katie','Baby Giraffe','Cpt','Y','f','b','i',NULL),
    (13,'Young','Felix','BOLT','3Lt','N','r','b',NULL,NULL),
    (14,'Mikos','Ed','AX','1Lt','n','f','b',NULL,NULL),
    (15,'Pietrzak','George','Flipper','2lt','n','r','b',NULL,NULL),
    (16,'Krishnan','Luke','Red Roper','cpt','n','r','i',NULL,NULL),
    (17,'Higginbotham','Samuel','Ninja','1lt','n','f','b',NULL,NULL),
    (18,'Auger','Tony','Legend','cpt','y','f','b','i',NULL),
    (19,'Ostendorf','Jordan','Zelda','ltCol','y','r','b','i','s'),
    (20,'Huffman','Martin','Charzard','col','n','f','s',NULL,NULL),
    (21,'Painter','Paul','Grumpy Cat','maj','y','r','b',NULL,NULL),
    (22,'Livingston','John','Yellow','Col','n','f','s',NULL,NULL),
    (23,'Eltz','Barb','Chair','cpt','y','r','b','i',NULL),
    (24,'Bruggeman','Jennifer','Reaper','ltcol','y','f','b','i','s'),
    (25,'Breeze','Kiele','Spoon','ltgen','n','r','s',NULL,NULL),
    (26,'Tilton','Paris','Python','2lt','n','f','b',NULL,NULL);

    ///////////////////////////////////

CREATE TABLE pilotFlt (
    pilotID NUMERIC(4),
    fltIDCompleted VarChar(8)
);
INSERT INTO pilotFlt VALUES
    (3, 'BFM-8'),
    (4, 'ACM-1'),
    (7, 'SA-1'),
    (10, 'SA-1'),
    (11, 'ACM-1'),
    (13, 'BFM-8'),
    (14, 'BFM-8'),
    (15, 'BFM-7'),
    (16, 'BFM-7'),
    (17, 'BFM-8'),
    (20, 'BFM-8'),
    (22, 'ACM-1'),
    (25, 'ACM-1'),
    (26, 'SA-1');
